id_venta,fecha,id_cliente,id_producto,cantidad,precio_unitario,monto,canal,tienda
1,2026-04-01,101,2001,2,150000,300000,pos,Santiago
2,2026-04-01,102,2002,1,300000,300000,pos,Providencia
3,2026-04-02,103,2003,1,50000,50000,pos,Maipu
4,2026-04-02,101,2001,1,150000,150000,pos,Las Condes
5,2026-04-03,104,2004,3,20000,60000,pos,La Florida
6,2026-04-03,105,2002,2,300000,600000,pos,Puente Alto
7,2026-04-04,106,2005,1,80000,80000,pos,Ñuñoa
8,2026-04-04,107,2003,2,50000,100000,pos,Santiago
9,2026-04-05,108,2006,1,120000,120000,pos,Providencia
10,2026-04-05,109,2001,1,150000,150000,pos,Maipu
5001,2026-04-01,101,,1,300000,300000,web,
5002,2026-04-02,103,,1,50000,50000,web,
5003,2026-04-03,104,,1,60000,60000,app,
5004,2026-04-03,105,,1,300000,300000,web,
5005,2026-04-04,106,,1,80000,80000,app,
5006,2026-04-04,107,,1,100000,100000,web,
5007,2026-04-05,108,,1,120000,120000,app,
5008,2026-04-05,109,,1,150000,150000,web,
5009,2026-04-05,110,,1,25000,25000,app,
5010,2026-04-05,101,,1,150000,150000,web,
